{"cameraMode":{"drawMode":0,"name":"Shaded","section":"Shading Mode"},"sceneLighting":true,"audioPlay":false,"sceneViewState":{"showFog":true,"showMaterialUpdate":false,"showSkybox":true,"showFlares":true,"showImageEffects":true,"showParticleSystems":true,"showVisualEffectGraphs":true,"m_FxEnabled":true},"in2DMode":false,"pivot":{"x":-0.06700003147125244,"y":0.14600002765655518,"z":-2.450000047683716},"rotation":{"x":0.10961534082889557,"y":-0.3414875864982605,"z":0.04014056548476219,"w":0.9326167106628418},"size":1.4551845788955689,"orthographic":true}